agency,mountain,sigungu,eupmyeon,ri,jibun,areaHa,note
충주국유림관리소,천등산,충주시,산척면,명서리,산1-1,100.60169999999999,산불취약지
충주국유림관리소,천등산,충주시,산척면,명서리,산6-1,55.735500000000002,산불취약지
충주국유림관리소,천등산,충주시,산척면,명서리,산11-1,280.80990000000003,산불취약지
충주국유림관리소,천등산,충주시,산척면,명서리,산11-3,0.32729999999999998,산불취약지
충주국유림관리소,천등산,충주시,산척면,명서리,산11-4,0.12889999999999999,산불취약지
충주국유림관리소,천등산,충주시,산척면,명서리,산18,20.945499999999999,산불취약지
충주국유림관리소,천등산,충주시,산척면,명서리,산25,29.623100000000001,산불취약지
충주국유림관리소,천등산,충주시,산척면,명서리,산25-3,0.48599999999999999,산불취약지
충주국유림관리소,천등산,충주시,산척면,명서리,산25-4,15.927300000000001,산불취약지
충주국유림관리소,천등산,충주시,산척면,명서리,산25-6,1.2595000000000001,산불취약지
충주국유림관리소,천등산,충주시,산척면,명서리,산29,43.806800000000003,산불취약지
충주국유림관리소,천등산,충주시,산척면,명서리,산59,77.747900000000001,산불취약지
충주국유림관리소,천등산,충주시,산척면,명서리,산66,8.7272999999999996,산불취약지
충주국유림관리소,천등산,충주시,산척면,석천리,산22-1,202.06610000000001,산불취약지
충주국유림관리소,천등산,충주시,산척면,석천리,산35-2,1.7445999999999999,산불취약지
충주국유림관리소,천등산,충주시,산척면,석천리,산36-1,64.085999999999999,산불취약지
충주국유림관리소,천등산,충주시,산척면,석천리,산60-1,46.918999999999997,산불취약지
충주국유림관리소,천등산,충주시,산척면,석천리,산106-1,316.91899999999998,산불취약지
충주국유림관리소,천등산,충주시,산척면,석천리,산106-2,1.2595000000000001,산불취약지
충주국유림관리소,천등산,충주시,산척면,석천리,산106-3,0.96199999999999997,산불취약지
충주국유림관리소,천등산,충주시,산척면,송강리,산10,1.9438,
충주국유림관리소,천등산,충주시,산척면,송강리,산26-3,6.2845000000000004,
충주국유림관리소,천등산,충주시,산척면,송강리,산168-1,1.6785000000000001,
충주국유림관리소,천등산,충주시,산척면,송강리,산173-1,0.35699999999999998,
충주국유림관리소,천등산,충주시,산척면,송강리,산176,1.9728000000000001,
충주국유림관리소,천등산,충주시,산척면,송강리,산178-1,2.1421000000000001,
충주국유림관리소,천등산,충주시,산척면,송강리,산179-1,1.5074000000000001,
충주국유림관리소,천등산,충주시,산척면,송강리,산3-1,11.1769,
충주국유림관리소,천등산,충주시,산척면,송강리,산15-1,136.6215,
충주국유림관리소,천등산,충주시,산척면,영덕리,산3,55.338900000000002,산불취약지
충주국유림관리소,천등산,충주시,산척면,영덕리,산2-1,160.11609999999999,산불취약지
충주국유림관리소,충주댐,충주시,동량면,하천리,산1,18.565300000000001,산불취약지
충주국유림관리소,충주댐,충주시,동량면,하천리,산16-2,22.034600000000001,산불취약지
충주국유림관리소,충주댐,충주시,동량면,하천리,산18-2,61.864800000000002,산불취약지
충주국유림관리소,충주댐,충주시,동량면,하천리,산64-1,277.03390000000002,산불취약지
충주국유림관리소,부산,충주시,동량면,지동리,산1-1,203.78149999999999,산불취약지
충주국유림관리소,부산,충주시,동량면,지동리,산6-1,133.61619999999999,산불취약지
충주국유림관리소,부산,충주시,동량면,지동리,산7-1,58.614100000000001,산불취약지
충주국유림관리소,부산,충주시,동량면,지동리,산9,35.345500000000001,산불취약지
충주국유림관리소,부산,충주시,동량면,지동리,산11,23.7529,산불취약지
충주국유림관리소,부산,충주시,동량면,지동리,산12,21.0078,산불취약지
충주국유림관리소,부산,충주시,동량면,지동리,산35-2,10.8195,산불취약지
충주국유림관리소,부산,충주시,동량면,지동리,산37,8.5733999999999995,산불취약지
충주국유림관리소,부산,충주시,동량면,지동리,산38,8.0984999999999996,산불취약지
충주국유림관리소,부산,충주시,동량면,지동리,산39,9.9618000000000002,산불취약지
충주국유림관리소,부산,충주시,동량면,지동리,산54,4.4429999999999996,산불취약지
충주국유림관리소,오청산,충주시,산척면,송강리,산235-1,5.8909000000000002,중요시설물
충주국유림관리소,오청산,충주시,산척면,송강리,산236-1,716.65530000000001,중요시설물
충주국유림관리소,오청산,충주시,산척면,송강리,산236-155,1.7924,중요시설물
충주국유림관리소,오청산,충주시,산척면,송강리,산242,3.4908999999999999,중요시설물
충주국유림관리소,청계산,충주시,소태면,복탄리,산74-2,21.838000000000001,산불취약지
충주국유림관리소,청계산,충주시,소태면,복탄리,산74-3,12.980600000000001,산불취약지
충주국유림관리소,청계산,충주시,소태면,복탄리,산74-9,34.178199999999997,산불취약지
충주국유림관리소,청계산,충주시,소태면,덕은리,산1,59.206600000000002,산불취약지
충주국유림관리소,청계산,충주시,소태면,덕은리,산5,25.279800000000002,산불취약지
충주국유림관리소,청계산,충주시,소태면,덕은리,산5-6,4.3299999999999998E-2,산불취약지
충주국유림관리소,오청산,충주시,엄정면,가춘리,산8-1,53.156999999999996,산불취약지
충주국유림관리소,빌미산,충주시,엄정면,괴동리,산33,40.859499999999997,산불취약지
충주국유림관리소,보련산,충주시,앙성면,용대리,산25,8.5884,산불위험지
충주국유림관리소,보련산,충주시,앙성면,용대리,산7,4.4429999999999996,산불위험지
충주국유림관리소,소조령,충주시,수안보면,화천리,산23,112.6163,산불취약지
충주국유림관리소,소조령,충주시,수안보면,화천리,산25,4.0122,산불취약지
충주국유림관리소,소조령,충주시,수안보면,화천리,산36-1,10.839700000000001,산불취약지
충주국유림관리소,소조령,충주시,수안보면,화천리,산47-1,91.586799999999997,산불취약지
충주국유림관리소,소조령,충주시,수안보면,화천리,산50-1,12.1289,산불취약지
충주국유림관리소,질마재,괴산군,청안면,문방리,산11,2.6974999999999998,산불취약지
충주국유림관리소,질마재,괴산군,청안면,문방리,산15-1,154.6448,산불취약지
충주국유림관리소,질마재,괴산군,청안면,문방리,산15-59,111.098,산불취약지
충주국유림관리소,백악산,괴산군,청천면,사담리,산1-1,340.91289999999998,산불취약지
충주국유림관리소,백악산,괴산군,청천면,사담리,산13,209.85130000000001,산불취약지 산림유전자원보호구역(희귀식물자생지)
충주국유림관리소,대야산,괴산군,청천면,삼송리,산11-1,505.79660000000001,산불취약지
충주국유림관리소,대야산,괴산군,청천면,삼송리,산27-1,148.60900000000001,산불취약지
충주국유림관리소,대야산,괴산군,청천면,삼송리,산22-1,192.6336,산불취약지
충주국유림관리소,옥녀봉,진천군,이월면,노원리,산118-1,52.524099999999997,산불취약지
충주국유림관리소,옥녀봉,진천군,이월면,노원리,산118-2,37.933900000000001,산불취약지
충주국유림관리소,칠성산,음성군,생극면,신양리,산70-1,69.139499999999998,집단조림지
충주국유림관리소,원통산,음성군,감곡면,사곡리,산49-1,37.849699999999999,산불취약지
충주국유림관리소,원통산,음성군,감곡면,사곡리,산57-1,190.8818,산불취약지
충주국유림관리소,내황산,괴산군,사리면,이곡리,산98-1,112.01649999999999,산불취약지
충주국유림관리소,칠보산,괴산군,청안면,효근리,산69-1,63.783499999999997,산불취약지
충주국유림관리소,칠보산,괴산군,청안면,효근리,산69-2,4.5420999999999996,산불취약지
충주국유림관리소,칠보산,괴산군,청안면,장암리,산91-1,17.289100000000001,산불취약지
충주국유림관리소,칠보산,괴산군,청안면,장암리,산98-1,148.42310000000001,산불취약지
충주국유림관리소,금단산,괴산군,청천면,평단리,산6-1,217.44839999999999,산불취약지
충주국유림관리소,박달산,괴산군,장연면,장암리,산22-1,233.1472,산불취약지
충주국유림관리소,만뢰산,진천군,백곡면,대문리,산2-11,3.9174000000000002,산불취약지
충주국유림관리소,만뢰산,진천군,백곡면,대문리,산5-1,52.846299999999999,산불취약지
충주국유림관리소,경천산,진천군,문백면,사양리,산68-1,80.598299999999995,산불취약지
충주국유림관리소,경천산,진천군,문백면,사양리,산100-1,51.670200000000001,산불취약지
보은국유림관리소,구병산,보은군,장안면,서원리,산1,64.105800000000002,국립공원
보은국유림관리소,구병산,보은군,장안면,서원리,산2-1,106.9473,국립공원
보은국유림관리소,구병산,보은군,장안면,서원리,산3,97.9208,국립공원
보은국유림관리소,구병산,보은군,장안면,서원리,산4-2,160.77019999999999,국립공원
보은국유림관리소,구병산,보은군,장안면,서원리,산5,29.954899999999999,국립공원
보은국유림관리소,구병산,보은군,장안면,서원리,산15-2,30.029800000000002,국립공원
보은국유림관리소,노성산,보은군,수한면,차정리,산4-1,24.914999999999999,산불취약지
보은국유림관리소,노성산,보은군,수한면,차정리,산15,125.5095,산불취약지
보은국유림관리소,노성산,보은군,회인면,건천리,산1-1,270.37380000000002,산불취약지
보은국유림관리소,노성산,보은군,회인면,건천리,산7-1,5.2548000000000004,산불취약지
보은국유림관리소,노성산,보은군,회인면,건천리,산14-1,11.9399,산불취약지
보은국유림관리소,노성산,보은군,회인면,건천리,산14-3,62.033799999999999,산불취약지
보은국유림관리소,국사봉,보은군,내북면,도원리,산4-1,144.0487,산불취약지
보은국유림관리소,국사봉,보은군,내북면,도원리,산15,7.6885000000000003,산불취약지
보은국유림관리소,팔음산,옥천군,청산면,명티리,산37-1,257.00880000000001,산불취약지
보은국유림관리소,팔음산,영동군,매곡면,어촌리,산33-4,10.6944,산불취약지 산림유전자원보호구역(희귀식물자생지)
보은국유림관리소,팔음산,영동군,매곡면,어촌리,산35,5.3097000000000003,산불취약지 산림유전자원보호구역(희귀식물자생지)
보은국유림관리소,팔음산,영동군,매곡면,어촌리,산35-3,6.2633000000000001,산불취약지 산림유전자원보호구역(희귀식물자생지)
보은국유림관리소,팔음산,영동군,매곡면,어촌리,산104,20.333600000000001,산불취약지
보은국유림관리소,팔음산,영동군,매곡면,어촌리,산104-1,0.82440000000000002,산불취약지
보은국유림관리소,팔음산,영동군,매곡면,어촌리,산104-2,38.279800000000002,산불취약지
보은국유림관리소,팔음산,영동군,매곡면,어촌리,산106-1,198.37690000000001,산불취약지 산림유전자원보호구역(희귀식물자생지)
보은국유림관리소,팔음산,영동군,매곡면,어촌리,산107-1,182.88550000000001,산불취약지 산림유전자원보호구역(희귀식물자생지)
보은국유림관리소,삼봉산,영동군,상촌면,고자리,산5-1,368.26400000000001,산불취약지
보은국유림관리소,각호산,영동군,상촌면,둔전리,산10,331.32229999999998,산불취약지
보은국유림관리소,각호산,영동군,상촌면,둔전리,산22,0.41749999999999998,산불취약지
보은국유림관리소,각호산,영동군,상촌면,물한리,산14-1,42.1693,산불취약지
보은국유림관리소,각호산,영동군,상촌면,물한리,산17,50.042999999999999,산불취약지
보은국유림관리소,각호산,영동군,상촌면,물한리,산62-1,278.0926,산불취약지
보은국유림관리소,우두령,영동군,상촌면,흥덕리,산11,193.97649999999999,산불취약지 산림유전자원보호구역(유용식물자생지)
보은국유림관리소,우두령,영동군,상촌면,흥덕리,산62-1,551.03859999999997,산불취약지 산림유전자원보호구역(희귀식물자생지)
보은국유림관리소,지장산,영동군,추풍령면,사부리,산5-4,2.4992000000000001,산불취약지
보은국유림관리소,지장산,영동군,추풍령면,사부리,산6,76.383499999999998,산불취약지
보은국유림관리소,지장산,영동군,추풍령면,사부리,산27,5.0574000000000003,산불취약지
보은국유림관리소,지장산,영동군,추풍령면,사부리,산42-3,4.9245000000000001,산불취약지
보은국유림관리소,지장산,영동군,추풍령면,사부리,산51,2227.2165,산불취약지
보은국유림관리소,지장산,영동군,추풍령면,사부리,산62,72.396699999999996,산불취약지
보은국유림관리소,지장산,영동군,추풍령면,사부리,산64,78.012,산불취약지
보은국유림관리소,지장산,영동군,추풍령면,사부리,산103,32.049300000000002,산불취약지
보은국유림관리소,산봉산,청주시,상당구,명암동,산3,27.374199999999998,산불취약지
보은국유림관리소,산봉산,청주시,상당구,명암동,산24,3.0347,산불취약지
보은국유림관리소,산봉산,청주시,상당구,명암동,산25-1,21.086600000000001,산불취약지
보은국유림관리소,새목이재,보은군,보은읍,성족리,산1,109.7991,산불취약지
보은국유림관리소,구룡티,보은군,보은읍,종곡리,산1-1,83.424800000000005,산불취약지
보은국유림관리소,말티재,보은군,속리산면,갈목리,산19-3,94.522300000000001,산불취약지
보은국유림관리소,금단산,보은군,산외면,대원리,산3-6,79.6845,산불취약지
보은국유림관리소,속리산,보은군,속리산면,만수리,산1-1,984.0317,국립공원
보은국유림관리소,속리산,보은군,속리산면,만수리,산1-4,53.861199999999997,국립공원
보은국유림관리소,속리산,보은군,속리산면,도화리,산3,131.76910000000001,국립공원
보은국유림관리소,속리산,보은군,속리산면,도화리,산4-1,85.646299999999997,국립공원
보은국유림관리소,속리산,보은군,속리산면,도화리,산5-1,420.18049999999999,국립공원
보은국유림관리소,말티재,보은군,장안면,장재리,산4-1,156.94470000000001,자연휴양림
보은국유림관리소,말티재,보은군,장안면,장재리,산5-1,121.3351,자연휴양림
보은국유림관리소,말티재,보은군,장안면,장재리,산9,4.2446000000000002,자연휴양림
보은국유림관리소,피반령,보은군,회인면,오동리,산54,194.25380000000001,산불취약지
보은국유림관리소,학당산,청주시,미원면,월용리,산30,150,산불취약지
보은국유림관리소,학당산,청주시,미원면,쌍이리,산16-1,45,산불취약지
보은국유림관리소,학당산,청주시,미원면,쌍이리,산24,7,산불취약지
보은국유림관리소,학당산,청주시,미원면,옥화리,산12-1,9,산불취약지
보은국유림관리소,학당산,청주시,미원면,옥화리,산12-3,1,산불취약지
보은국유림관리소,가덕산,청주시,문의면,노현리,산1-1,115,산불취약지
보은국유림관리소,큰음달산,옥천군,안내면,오덕리,산45-1,110,산불취약지
보은국유림관리소,큰음달산,옥천군,청성면,대안리,산108,34,산불취약지
보은국유림관리소,큰음달산,옥천군,청성면,대안리,산101,8,산불취약지
보은국유림관리소,큰음달산,옥천군,청성면,대안리,산100,1,산불취약지
단양국유림관리소,천등산,제천시,백운면,원월리,산8-1,188.8939,산불취약지
단양국유림관리소,삼봉산,제천시,백운면,화당리,산1-1,160.9076,산불취약지
단양국유림관리소,국사봉,제천시,금성면,활산리,산37-29,63.088799999999999,산불취약지
단양국유림관리소,용두산,제천시,송학면,송한리,산41,77.791700000000006,경제림단지
단양국유림관리소,용두산,제천시,송학면,송한리,산52-1,9.2439999999999998,경제림단지
단양국유림관리소,용두산,제천시,송학면,송한리,산53,21.890799999999999,경제림단지
단양국유림관리소,용두산,제천시,송학면,송한리,산63,70.912300000000002,경제림단지
단양국유림관리소,용두산,제천시,송학면,송한리,산73-1,22.1342,경제림단지
단양국유림관리소,용두산,제천시,송학면,오미리,산23-1,65.329899999999995,경제림단지
단양국유림관리소,용두산,제천시,송학면,오미리,산23-5,11.618399999999999,경제림단지
단양국유림관리소,용두산,제천시,송학면,오미리,산31,10.9587,경제림단지
단양국유림관리소,오청산,제천시,백운면,도곡리,산12-2,166.4727,산불취약지
단양국유림관리소,오청산,제천시,백운면,도곡리,산19-1,86.685599999999994,산불취약지
단양국유림관리소,계향산,제천시,금성면,사곡리,산9,7.1405000000000003,산불취약지
단양국유림관리소,계향산,제천시,금성면,사곡리,산20,4.0462999999999996,산불취약지
단양국유림관리소,계향산,제천시,금성면,사곡리,산24-1,36.614899999999999,산불취약지
단양국유림관리소,계향산,제천시,금성면,활산리,산37-2,29.1968,산불취약지
단양국유림관리소,월악산,제천시,덕산면,도기리,산1-1,567.91010000000006,산불취약지
단양국유림관리소,월악산,제천시,덕산면,선고리,산54-1,620.98220000000003,산불취약지
단양국유림관리소,금수산,제천시,수산면,능강리,산3,51.699199999999998,산불취약지
단양국유림관리소,금수산,제천시,수산면,능강리,산5-1,37.923999999999999,산불취약지
단양국유림관리소,금수산,제천시,수산면,능강리,산50,46.542099999999998,산불취약지
단양국유림관리소,금수산,제천시,수산면,능강리,산1-1,801.93719999999996,산불취약지 산림유전자원보호구역(산림습지)
단양국유림관리소,관봉,제천시,한수면,서창리,산15,69,산불취약지
단양국유림관리소,송학산,제천시,송학면,입석리,산24,18,산불취약지
단양국유림관리소,송학산,제천시,송학면,시곡리,산58,9,산불취약지
단양국유림관리소,금수산,단양군,적성면,기동리,산126-1,52.820500000000003,산불취약지
단양국유림관리소,금수산,단양군,적성면,소야리,산62,69.525800000000004,산불취약지
단양국유림관리소,금수산,단양군,적성면,소야리,산42-1,70.089799999999997,산불취약지
단양국유림관리소,금수산,단양군,적성면,하원곡리,산34,201.24299999999999,산불취약지
단양국유림관리소,소백산,단양군,영춘면,의풍리,산36,11.2264,산불취약지
단양국유림관리소,소백산,단양군,영춘면,의풍리,산53-1,256.78019999999998,산불취약지
단양국유림관리소,소백산,단양군,영춘면,의풍리,산54,17.414899999999999,산불취약지
단양국유림관리소,소백산,단양군,영춘면,백자리,산13,26.099,산불취약지
단양국유림관리소,소백산,단양군,영춘면,백자리,산16,5.0396000000000001,산불취약지
단양국유림관리소,소백산,단양군,영춘면,백자리,산17,5.8711000000000002,산불취약지
단양국유림관리소,소백산,단양군,가곡면,보발리,산12-1,4.8369,산불취약지
단양국유림관리소,소백산,단양군,가곡면,보발리,산11,15.5504,산불취약지
단양국유림관리소,소백산,단양군,가곡면,보발리,산7,4.6017000000000001,산불취약지
단양국유림관리소,소백산,단양군,가곡면,보발리,산1-1,340.85950000000003,산불취약지
단양국유림관리소,소백산,단양군,가곡면,보발리,산3,4.3338999999999999,산불취약지
단양국유림관리소,소백산,단양군,영춘면,동대리,산43-1,1299.3466000000001,산불취약지
단양국유림관리소,소백산,단양군,영춘면,백자리,산25-1,269.87110000000001,산불취약지
단양국유림관리소,태화산,단양군,영춘면,상리,산40-1,486.20830000000001,산불취약지 산림유전자원보호구역(희귀식물자생지)
단양국유림관리소,태화산,단양군,영춘면,사지원리,산10-2,196.50899999999999,산불취약지
단양국유림관리소,태화산,단양군,영춘면,사지원리,산13,21.2943,산불취약지
단양국유림관리소,태화산,단양군,영춘면,사지원리,산14,24.475999999999999,산불취약지
단양국유림관리소,태화산,단양군,영춘면,사지원리,산16,9.9074000000000009,산불취약지
단양국유림관리소,태화산,단양군,영춘면,사지원리,산20,17.226400000000002,산불취약지
단양국유림관리소,태화산,단양군,영춘면,오사리,산27,36.654499999999999,산불취약지
단양국유림관리소,태화산,단양군,영춘면,오사리,산1,211.8843,산불취약지
단양국유림관리소,태화산,단양군,영춘면,오사리,산65,19.805,산불취약지
단양국유림관리소,마대산,단양군,영춘면,동대리,산42,220.56710000000001,산불취약지
단양국유림관리소,마대산,단양군,영춘면,동대리,산31,35.186799999999998,산불취약지
단양국유림관리소,마대산,단양군,영춘면,동대리,산32,19.6463,산불취약지
단양국유림관리소,마대산,단양군,영춘면,의풍리,산62,136.9624,산불취약지
단양국유림관리소,두악산,단양군,단성면,북하리,산19,31.338799999999999,산불취약지
단양국유림관리소,두악산,단양군,단성면,북상리,산16,56,산불취약지
단양국유림관리소,두악산,단양군,단성면,상방리,산15-1,84.917100000000005,산불취약지
단양국유림관리소,용봉산,단양군,가곡면,사평리,산1-1,377.93060000000003,산불취약지
단양국유림관리소,용봉산,단양군,가곡면,사평리,산36,47.246299999999998,산불취약지
단양국유림관리소,용봉산,단양군,가곡면,보발리,산104-1,125.13720000000001,산불취약지
단양국유림관리소,용봉산,단양군,가곡면,대대리,산22-1,121.5868,산불취약지
단양국유림관리소,용봉산,단양군,가곡면,가대리,산2,44.8264,산불취약지
단양국유림관리소,삼태산,단양군,어상천면,임현리,산52-1,249.88730000000001,대형산불위험지
단양국유림관리소,삼태산,단양군,어상천면,임현리,산1,53.323799999999999,대형산불위험지
단양국유림관리소,삼태산,단양군,어상천면,임현리,산20-1,47.038200000000003,대형산불위험지
단양국유림관리소,삼태산,단양군,어상천면,대전리,산22,22.849599999999999,대형산불위험지
단양국유림관리소,삼태산,단양군,어상천면,대전리,산34,23.444600000000001,대형산불위험지
단양국유림관리소,삼태산,단양군,어상천면,율곡리,산10,142.3339,대형산불위험지
단양국유림관리소,삼태산,단양군,어상천면,율곡리,산11,11.662800000000001,대형산불위험지
단양국유림관리소,삼태산,단양군,영춘면,장발리,산134-1,117.65949999999999,대형산불위험지
단양국유림관리소,삼태산,단양군,영춘면,만종리,산99-1,36.902500000000003,대형산불위험지
단양국유림관리소,삼태산,단양군,영춘면,만종리,산100,7.5372000000000003,대형산불위험지
단양국유림관리소,황정산,단양군,대강면,올산리,산74-1,584.49720000000002,대형산불위험지
단양국유림관리소,황정산,단양군,대강면,방곡리,산1-1,523.57489999999996,대형산불위험지 산림유전자원보호구역(산림습지)
단양국유림관리소,황정산,단양군,대강면,직티리,산29-1,189.2114,대형산불위험지
단양국유림관리소,황정산,단양군,대강면,황정리,산27-1,170.49809999999999,대형산불위험지
단양국유림관리소,도솔봉,단양군,대강면,사동리,산1-1,1304.5686000000001,산불취약지
단양국유림관리소,도솔봉,단양군,대강면,덕촌리,산18-1,248.2116,산불취약지
단양국유림관리소,도솔봉,단양군,대강면,미노리,산16,58.869399999999999,산불취약지
단양국유림관리소,봉우동,단양군,단양읍,금곡리,산17,18,산불취약지
부여국유림관리소,천태산,공주시,의당면,덕학리,산40-1,20.697500000000002,산불취약지
부여국유림관리소,천태산,공주시,의당면,가산리,산20,1.4579,산불취약지
부여국유림관리소,천태산,공주시,의당면,가산리,산21,58.641300000000001,산불취약지
부여국유림관리소,천태산,공주시,의당면,월곡리,산4-1,35.910699999999999,산불취약지
부여국유림관리소,국사봉,공주시,의당면,덕학리,산102,65.837999999999994,산불취약지
부여국유림관리소,국사봉,공주시,의당면,덕학리,산114,10.690899999999999,산불취약지
부여국유림관리소,국사봉,공주시,정안면,어물리,산16-1,9.7355999999999998,산불취약지
부여국유림관리소,국사봉,공주시,정안면,어물리,산17-1,20.042999999999999,산불취약지
부여국유림관리소,금계산,공주시,유구읍,문금리,산248-1,49.4876,산불취약지
부여국유림관리소,금계산,공주시,유구읍,추계리,산41-3,19.576899999999998,산불취약지
부여국유림관리소,금계산,공주시,유구읍,추계리,산41-4,8.2314000000000007,산불취약지
부여국유림관리소,금계산,공주시,유구읍,추계리,산41-6,7.0511999999999997,산불취약지
부여국유림관리소,금계산,공주시,유구읍,추계리,산41-7,8.1024999999999991,산불취약지
부여국유림관리소,금계산,공주시,유구읍,추계리,산41-8,12.595000000000001,산불취약지
부여국유림관리소,금계산,공주시,유구읍,추계리,산40-6,4.6280999999999999,산불취약지
부여국유림관리소,금계산,공주시,유구읍,추계리,산40-7,4.6281999999999996,산불취약지
부여국유림관리소,갈미봉,공주시,정안면,고성리,산64-1,163.7543,산불취약지
부여국유림관리소,갈미봉,공주시,정안면,고성리,산64-18,3.2532000000000001,산불취약지
부여국유림관리소,갈미봉,공주시,정안면,고성리,산64-20,4.0842000000000001,산불취약지
부여국유림관리소,마치고개,공주시,신풍면,쌍대리,산80,70.581800000000001,산불취약지
부여국유림관리소,마치고개,공주시,신풍면,쌍대리,산103,5.0876000000000001,산불취약지
부여국유림관리소,질운리고개,공주시,신풍면,쌍대리,산36-2,67.130600000000001,산불취약지
부여국유림관리소,질운리고개,공주시,신풍면,쌍대리,산39,1.8446,산불취약지
부여국유림관리소,국사봉,공주시,신풍면,조평리,산146-20,52.3339,산불취약지
부여국유림관리소,국사봉,공주시,신풍면,조평리,산129,0.79339999999999999,산불취약지
부여국유림관리소,국사봉,공주시,신풍면,조평리,산146-36,15.3025,산불취약지
부여국유림관리소,국사봉,공주시,신풍면,봉갑리,산117-1,6.2182000000000004,산불취약지
부여국유림관리소,국사봉,공주시,신풍면,봉갑리,산114,3.6297999999999999,산불취약지
부여국유림관리소,국사봉,공주시,신풍면,봉갑리,산113-1,31.061199999999999,산불취약지
부여국유림관리소,정동골,세종특별자치시,장군면,금암리,62-1,148.827,산불취약지
부여국유림관리소,장군봉,세종특별자치시,장군면,산학리,산4-53,43.540199999999999,산불취약지
부여국유림관리소,장군봉,공주시,석장리동,석장리동,산29,42.337200000000003,산불취약지
부여국유림관리소,장군봉,공주시,석장리동,석장리동,산1-2,16.889199999999999,산불취약지
부여국유림관리소,장군봉,공주시,석장리동,석장리동,산2-1,49.408299999999997,산불취약지
부여국유림관리소,장군봉,공주시,석장리동,석장리동,산4-1,19.834700000000002,산불취약지
부여국유림관리소,봉화대,공주시,옥룡동,옥룡동,산20-1,47.754899999999999,산불취약지
부여국유림관리소,봉화대,공주시,옥룡동,옥룡동,산20-2,7.0612000000000004,산불취약지
부여국유림관리소,봉화대,공주시,옥룡동,옥룡동,산13-1,3.2909000000000002,산불취약지
부여국유림관리소,봉화대,공주시,옥룡동,옥룡동,산19-1,2.1223000000000001,산불취약지
부여국유림관리소,봉화대,공주시,소학동,소학동,산33-7,22.195,산불취약지
부여국유림관리소,봉화대,공주시,소학동,소학동,산33-6,0.86280000000000001,산불취약지
부여국유림관리소,봉화대,공주시,소학동,소학동,산43,7.2911999999999999,산불취약지
부여국유림관리소,옥녀봉,공주시,신풍면,화흥리,산1-13,80.471500000000006,산불취약지
부여국유림관리소,옥녀봉,공주시,신풍면,화흥리,산1-171,4.5431999999999997,산불취약지
부여국유림관리소,옥녀봉,공주시,신풍면,조평리,산73-1,24.0364,산불취약지
부여국유림관리소,옥녀봉,공주시,신풍면,조평리,산72,1.6165,산불취약지
부여국유림관리소,용암골,공주시,의당면,중흥리,산1,87.153700000000001,산불취약지
부여국유림관리소,용암골,공주시,의당면,중흥리,산47,37.206200000000003,산불취약지
부여국유림관리소,용암골,세종특별자치시,장군면,용암리,산98,72.317400000000006,산불취약지
부여국유림관리소,무성산,공주시,사곡면,회학리,산48-1,93.629800000000003,산불취약지
부여국유림관리소,무성산,공주시,사곡면,회학리,산48-2,31.814900000000002,산불취약지
부여국유림관리소,양촌골,공주시,사곡면,계실리,산14,84.191800000000001,산불취약지
부여국유림관리소,양촌골,공주시,사곡면,계실리,산21-1,47.3735,산불취약지
부여국유림관리소,국사봉,공주시,정안면,내문리,산8-1,162.50540000000001,산불취약지
부여국유림관리소,국사봉,공주시,정안면,내문리,산4,148.40039999999999,산불취약지
부여국유림관리소,국사봉,공주시,정안면,내문리,산3-1,12.366899999999999,산불취약지
부여국유림관리소,국사봉,공주시,정안면,내문리,산3-2,2.0926,산불취약지
부여국유림관리소,국사봉,공주시,정안면,내문리,산3-5,26.062799999999999,산불취약지
부여국유림관리소,국사봉,공주시,정안면,내문리,산1-1,17.990100000000002,산불취약지
부여국유림관리소,건달이고개,공주시,정안면,산성리,산21,141.24299999999999,산불취약지
부여국유림관리소,갑하산,공주시,반포면,온천리,산43-1,36.240400000000001,산불취약지
부여국유림관리소,갑하산,공주시,반포면,온천리,산43-2,1.9800000000000002E-2,산불취약지
부여국유림관리소,갑하산,공주시,반포면,온천리,산43-3,9.9000000000000008E-3,산불취약지
부여국유림관리소,갑하산,대전 유성구,갑동,갑동,산37-1,137.8817,산불취약지
부여국유림관리소,상백운천,금산군,군북면,산안리,산61-1,97.299099999999996,산불취약지
부여국유림관리소,상백운천,금산군,군북면,산안리,산62,2.6280999999999999,산불취약지
부여국유림관리소,대성산,금산군,군북면,상곡리,산3-1,65.789699999999996,산불취약지
부여국유림관리소,대성산,금산군,군북면,상곡리,산4,44.489199999999997,산불취약지
부여국유림관리소,국사봉,금산군,군북면,두두리,산1,24.565300000000001,산불취약지
부여국유림관리소,국사봉,금산군,군북면,산안리,산90-1,15.3917,산불취약지
부여국유림관리소,국사봉,금산군,제원면,동곡리,산2,44.072699999999998,산불취약지
부여국유림관리소,국사봉,금산군,제원면,동곡리,산3,4.3041,산불취약지
부여국유림관리소,국사봉,금산군,제원면,동곡리,산4,6.6544999999999996,산불취약지
부여국유림관리소,국사봉,금산군,제원면,동곡리,112-1,11.4681,산불취약지
부여국유림관리소,방화봉,금산군,군북면,산안리,산149,12.7812,산불취약지
부여국유림관리소,철마산,금산군,군북면,외부리,산16-8,100.7268,산불취약지
부여국유림관리소,성치산,금산군,남이면,구석리,산159,503.77179999999998,산불취약지
부여국유림관리소,성치산,금산군,남이면,구석리,산145,14.856199999999999,산불취약지
부여국유림관리소,샛티재,금산군,남이면,건천리,산148,45.738799999999998,산불취약지
부여국유림관리소,샛티재,금산군,남이면,건천리,산109-1,31.904599999999999,산불취약지
부여국유림관리소,샛티재,금산군,남이면,건천리,산141-1,2.4693999999999998,산불취약지
부여국유림관리소,샛티재,금산군,남이면,건천리,산147-2,7.0115999999999996,산불취약지
부여국유림관리소,육백고지,금산군,남이면,대양리,산110,21.927299999999999,산불취약지
부여국유림관리소,육백고지,금산군,남이면,대양리,산113,2.0628000000000002,산불취약지
부여국유림관리소,육백고지,금산군,남이면,대양리,산103,0.82310000000000005,산불취약지
부여국유림관리소,육백고지,금산군,남이면,대양리,산104-1,4.0462999999999996,산불취약지
부여국유림관리소,육백고지,금산군,남이면,대양리,산104-3,1.4479,산불취약지
부여국유림관리소,육백고지,금산군,남이면,대양리,산104-4,3.8578000000000001,산불취약지
부여국유림관리소,육백고지,금산군,남이면,역평리,산146-1,45.897500000000001,산불취약지
부여국유림관리소,육백고지,금산군,남이면,역평리,산141-2,6.0099,산불취약지
부여국유림관리소,육백고지,금산군,남이면,역평리,산141-3,4.1752000000000002,산불취약지
부여국유림관리소,육백고지,금산군,남이면,역평리,산141-4,4.3635999999999999,산불취약지
부여국유림관리소,보티재,금산군,남이면,상금리,산4-1,13.805,산불취약지
부여국유림관리소,보티재,금산군,남이면,상금리,산2-1,59.930599999999998,산불취약지
부여국유림관리소,보티재,금산군,남이면,상금리,산1,19.0215,산불취약지
부여국유림관리소,보티재,금산군,남이면,상금리,산16-1,397.47770000000003,산불취약지
부여국유림관리소,보티재,금산군,남이면,상금리,산56-1,112.3275,산불취약지
부여국유림관리소,보티재,금산군,남이면,상금리,산5-30,19.834700000000002,산불취약지
부여국유림관리소,비암고개,금산군,복수면,구례리,산1,132.2182,산불취약지
부여국유림관리소,성주산,금산군,부리면,어재리,산35,129.96690000000001,산불취약지
부여국유림관리소,성주산,금산군,부리면,어재리,산9,10.4132,산불취약지
부여국유림관리소,성주산,금산군,부리면,어재리,산11,10.7437,산불취약지
부여국유림관리소,성주산,금산군,부리면,어재리,산12-1,77.371300000000005,산불취약지
부여국유림관리소,성주산,금산군,부리면,어재리,산30-1,63.421500000000002,산불취약지
부여국유림관리소,성주산,금산군,부리면,어재리,산36-1,33.104100000000003,산불취약지
부여국유림관리소,성주산,금산군,부리면,어재리,산37-1,50.886000000000003,산불취약지
부여국유림관리소,성주산,금산군,부리면,어재리,산38,13.8843,산불취약지
부여국유림관리소,성주산,금산군,부리면,어재리,산40,11.1273,산불취약지
부여국유림관리소,성주산,금산군,부리면,어재리,산41-1,125.25620000000001,산불취약지
부여국유림관리소,소성산,보령시,오천면,소성리,산13-1,137.9118,산불취약지
부여국유림관리소,아미산,보령시,미산면,풍계리,산39,22.809899999999999,산불취약지
부여국유림관리소,아미산,보령시,미산면,풍계리,산38-1,114.8212,산불취약지
부여국유림관리소,아미산,보령시,미산면,도화담리,산39,83.504199999999997,산불취약지
부여국유림관리소,아미산,보령시,미산면,용수리,산3-2,10.4316,산불취약지
부여국유림관리소,성주계곡,보령시,성주면,성주리,산32,44.620100000000001,산불취약지
부여국유림관리소,성주계곡,보령시,성주면,성주리,산35-1,34.444899999999997,산불취약지
부여국유림관리소,진당산,보령시,청라면,옥계리,산136,161.47450000000001,산불취약지 산림유전자원보호구역(자연생태계보전지)
부여국유림관리소,진당산,보령시,청라면,옥계리,산1-1,53.573599999999999,산불취약지
부여국유림관리소,진당산,보령시,청라면,옥계리,산137,4.1058000000000003,산불취약지
부여국유림관리소,진당산,보령시,청라면,옥계리,산26-2,4.5917000000000003,산불취약지
부여국유림관리소,진당산,보령시,주포면,보령리,산1,0.62480000000000002,산불취약지
부여국유림관리소,진당산,보령시,주포면,보령리,산2-1,29.970300000000002,산불취약지
부여국유림관리소,배재산,보령시,주포면,보령리,산15-6,40.536000000000001,산불취약지
부여국유림관리소,배재산,보령시,주포면,봉당리,산36-1,5.3440000000000003,산불취약지
부여국유림관리소,배재산,보령시,주포면,봉당리,산36-11,6.2556000000000003,산불취약지
부여국유림관리소,배재산,보령시,주교면,신대리,산91,85.080100000000002,산불취약지
부여국유림관리소,배재산,보령시,주교면,신대리,산91-1,24.3172,산불취약지
부여국유림관리소,봉황봉,보령시,주교면,신대리,산190-1,42.704300000000003,산불취약지
부여국유림관리소,봉황봉,보령시,주교면,신대리,산185,3.8363,산불취약지
부여국유림관리소,고봉산,대전시 동구,추동,추동,산32-1,77.138499999999993,산불취약지
부여국유림관리소,고봉산,대전시 동구,추동,추동,산42,44.003300000000003,산불취약지
부여국유림관리소,꽃봉,대전시 동구,주촌동,주촌동,산13-1,97.451999999999998,산불취약지
부여국유림관리소,고혜산,대전시 동구,주촌동,주촌동,산32-1,41.291499999999999,산불취약지
부여국유림관리소,안산,대전시 동구,하소동,하소동,산28,65.474400000000003,산불취약지
부여국유림관리소,안산,대전시 동구,하소동,하소동,산26,4.9189999999999996,산불취약지
부여국유림관리소,새터말,대전시 동구,하소동,하소동,산21-1,59.334000000000003,산불취약지
부여국유림관리소,새터말,대전시 동구,하소동,하소동,산22,13.309100000000001,산불취약지
부여국유림관리소,응봉산,대전시 대덕구,법동,법동,산1-1,72.198400000000007,산불취약지
부여국유림관리소,빈계산,대전시 유성구,성북동,성북동,산1-3,11.8116,산불취약지
부여국유림관리소,빈계산,대전시 유성구,성북동,성북동,산2-1,33.6081,산불취약지
부여국유림관리소,빈계산,대전시 유성구,성북동,성북동,산1-13,61.279400000000003,산불취약지
부여국유림관리소,새재고개,부여군,은산면,나령리,산36-1,92.677700000000002,산불취약지
부여국유림관리소,새재고개,부여군,은산면,나령리,산39-31,48.238,산불취약지
부여국유림관리소,새재고개,부여군,은산면,나령리,산23-1,88.225200000000001,산불취약지
부여국유림관리소,새재고개,부여군,은산면,나령리,산23-5,29.7818,산불취약지
부여국유림관리소,새재고개,부여군,은산면,나령리,산25-1,101.94499999999999,산불취약지
부여국유림관리소,망월산,부여군,초촌면,응평리,산13,83.954599999999999,산불취약지
부여국유림관리소,망월산,부여군,초촌면,세탑리,산77-2,8.3504000000000005,산불취약지
부여국유림관리소,청마산,부여군,부여읍,용정리,산35-1,13.408300000000001,산불취약지
부여국유림관리소,청마산,부여군,부여읍,용정리,산35-3,7.4728000000000003,산불취약지
부여국유림관리소,청마산,부여군,부여읍,용정리,산35-12,94.693700000000007,산불취약지
부여국유림관리소,청마산,부여군,부여읍,송곡리,산83-1,45.8733,산불취약지 산림유전자원보호구역(산림습지)
부여국유림관리소,파진산,부여군,부여읍,현북리,산92-1,60.069400000000002,산불취약지
부여국유림관리소,파진산,부여군,석성면,현내리,산134,6.6148999999999996,산불취약지
부여국유림관리소,파진산,부여군,석성면,현내리,산135,1.0909,산불취약지
부여국유림관리소,파진산,부여군,석성면,현내리,산136,1.3948,산불취약지
부여국유림관리소,파진산,부여군,석성면,현내리,산139,3.4815999999999998,산불취약지
부여국유림관리소,파진산,부여군,석성면,현내리,산129-1,3.0455999999999999,산불취약지
부여국유림관리소,아미산,부여군,외산면,가덕리,산18,41.191499999999998,산불취약지
부여국유림관리소,아미산,부여군,외산면,반교리,산25-1,6.6115000000000004,산불취약지
부여국유림관리소,아미산,부여군,외산면,반교리,산25-38,11.239699999999999,산불취약지
부여국유림관리소,아미산,부여군,외산면,반교리,산25-41,6.6116000000000001,산불취약지
부여국유림관리소,망진산,부여군,은산면,내지리,산33-1,67.927800000000005,산불취약지
부여국유림관리소,망진산,부여군,은산면,내지리,산32,5.2561999999999998,산불취약지
부여국유림관리소,망진산,부여군,은산면,내지리,산35-1,1.8446,산불취약지
부여국유림관리소,망진산,부여군,은산면,합수리,산43-6,12.436400000000001,산불취약지
부여국유림관리소,망진산,부여군,은산면,합수리,산44-1,2.6082999999999998,산불취약지
부여국유림관리소,망진산,부여군,은산면,합수리,산61,8.8699999999999992,산불취약지
부여국유림관리소,망진산,부여군,구룡면,현암리,산31,5.157,산불취약지
부여국유림관리소,망진산,부여군,구룡면,현암리,산32-1,4.9587000000000003,산불취약지
부여국유림관리소,월하산,부여군,외산면,복덕리,산14,66.158699999999996,산불취약지
부여국유림관리소,월하산,부여군,외산면,장항리,산51,19.8202,산불취약지
부여국유림관리소,월하산,부여군,외산면,장항리,산51-1,26.444299999999998,산불취약지
부여국유림관리소,월하산,부여군,외산면,장항리,산48-1,4.2347000000000001,산불취약지
부여국유림관리소,월하산,부여군,내산면,온해리,산19-19,5.0331000000000001,산불취약지
부여국유림관리소,월하산,부여군,내산면,온해리,산20-1,8.4298000000000002,산불취약지
부여국유림관리소,장항골,부여군,외산면,장항리,산18-1,58.887,산불취약지
부여국유림관리소,장항골,부여군,외산면,장항리,산22,5.2958999999999996,산불취약지
부여국유림관리소,축융봉,부여군,은산면,각대리,산54,32.6678,산불취약지
부여국유림관리소,축융봉,부여군,은산면,각대리,산49-1,27.867799999999999,산불취약지
부여국유림관리소,축융봉,부여군,은산면,각대리,산58-1,5.5834999999999999,산불취약지
부여국유림관리소,축융봉,부여군,은산면,합수리,산70,12.7339,산불취약지
부여국유림관리소,산악산,부여군,양화면,시음리,산29-1,58.9602,산불취약지
부여국유림관리소,동말골,아산시,배방면,수철리,산117,24.1785,산불취약지
부여국유림관리소,동말골,아산시,배방면,수철리,산120,15.114000000000001,산불취약지
부여국유림관리소,동말골,아산시,송악면,강당리,산1-1,75.098600000000005,산불취약지
부여국유림관리소,동말골,아산시,송악면,강당리,산1-2,15.3719,산불취약지
부여국유림관리소,동말골,아산시,송악면,강당리,산1-4,4.6863000000000001,산불취약지
부여국유림관리소,동말골,아산시,송악면,강당리,산10-1,16.7652,산불취약지
부여국유림관리소,동말골,아산시,송악면,강당리,산8,4.3338999999999999,산불취약지
부여국유림관리소,동말골,아산시,송악면,강당리,산5-3,0.91239999999999999,산불취약지
부여국유림관리소,동말골,아산시,송악면,강당리,1-1,44.260399999999997,산불취약지
부여국유림관리소,동말골,아산시,송악면,강당리,367-1,9.4551999999999996,산불취약지
부여국유림관리소,망경산,아산시,배방면,수철리,산81-1,43.061199999999999,산불취약지
부여국유림관리소,망경산,아산시,배방면,수철리,산81-9,93.147099999999995,산불취약지
부여국유림관리소,망경산,아산시,배방면,수철리,산81-10,35.672699999999999,산불취약지
부여국유림관리소,망경산,천안시 동남구,광덕면,보산원리,산180-1,9.1641999999999992,산불취약지
부여국유림관리소,망경산,천안시 동남구,광덕면,보산원리,산180,13.090299999999999,산불취약지
부여국유림관리소,망경산,천안시 동남구,광덕면,보산원리,산181-3,5.3724999999999996,산불취약지
부여국유림관리소,성거산,천안시 동남구,성거면,천흥리,산50-1,80.102500000000006,산불취약지
부여국유림관리소,성거산,천안시 동남구,성거면,천흥리,산50-2,63.935899999999997,산불취약지
부여국유림관리소,성거산,천안시 동남구,북면,납안리,산46-1,18.892600000000002,산불취약지
부여국유림관리소,성거산,천안시 동남구,북면,납안리,산46-6,1.4083000000000001,산불취약지
부여국유림관리소,장생이,천안시 동남구,북면,운용리,산81,66.049599999999998,산불취약지
부여국유림관리소,장생이,천안시 동남구,북면,운용리,산84,10.8992,산불취약지
부여국유림관리소,삼성고개,천안시 동남구,북면,양곡리,산55,51.530299999999997,산불취약지
부여국유림관리소,데재고개,천안시 동남구,광덕면,원덕리,산37,18.852900000000002,산불취약지
부여국유림관리소,데재고개,천안시 동남구,광덕면,원덕리,산39,39.104100000000003,산불취약지
부여국유림관리소,용봉산,예산군,삽교읍,신리,산16,60.4101,산불취약지
부여국유림관리소,용봉산,예산군,덕산면,둔리,산2,43.438000000000002,산불취약지
부여국유림관리소,용봉산,예산군,덕산면,시량리,산47,25.5017,산불취약지
부여국유림관리소,관모산,예산군,예산읍,관작리,산10,32.502800000000001,산불취약지
부여국유림관리소,관모산,예산군,예산읍,관작리,산11,101.4483,산불취약지
부여국유림관리소,덕숭산,예산군,덕산면,둔리,산63-1,69.709199999999996,산불취약지
부여국유림관리소,덕숭산,예산군,덕산면,대치리,산88-1,1.4678,산불취약지
부여국유림관리소,덕숭산,예산군,덕산면,대치리,산88-2,42.485999999999997,산불취약지
부여국유림관리소,덕숭산,예산군,덕산면,대치리,산88-3,8.5488,산불취약지
부여국유림관리소,정혜산,청양군,장평면,화산리,산36-2,86.886499999999998,산불취약지
부여국유림관리소,법산,청양군,비봉면,관산리,산18-1,94.4482,산불취약지
부여국유림관리소,문박산,청양군,비봉면,신원리,산100-1,32.607100000000003,산불취약지
부여국유림관리소,문박산,청양군,비봉면,신원리,산96,17.771899999999999,산불취약지
부여국유림관리소,문박산,청양군,비봉면,신원리,산111,10.7186,산불취약지
부여국유림관리소,문박산,청양군,비봉면,신원리,산116,10.788,산불취약지
부여국유림관리소,오서산,청양군,화성면,화암리,산105-17,7.1207000000000003,산불취약지
부여국유림관리소,오서산,청양군,화성면,화암리,산105-14,5.6528999999999998,산불취약지
부여국유림관리소,오서산,청양군,화성면,화암리,산105-13,6.1883999999999997,산불취약지
부여국유림관리소,오서산,청양군,화성면,화암리,산105-1,60.525599999999997,산불취약지
부여국유림관리소,오서산,청양군,화성면,화암리,산105-18,2.0628000000000002,산불취약지
부여국유림관리소,오서산,청양군,화성면,화암리,산105-39,16.2942,산불취약지
부여국유림관리소,오서산,청양군,화성면,화암리,산105-37,4.8,산불취약지
부여국유림관리소,오서산,청양군,화성면,화암리,산105-21,28.2744,산불취약지
부여국유림관리소,오서산,청양군,화성면,화암리,산105-20,1.4479,산불취약지
부여국유림관리소,오서산,청양군,화성면,화암리,산105-19,1.3090999999999999,산불취약지
부여국유림관리소,솔치고개,청양군,정산면,대박리,산18-33,98.255399999999995,산불취약지
부여국유림관리소,솔치고개,청양군,정산면,대박리,산18-35,25.125499999999999,산불취약지
부여국유림관리소,솔치고개,청양군,정산면,대박리,산18-36,38.580100000000002,산불취약지
부여국유림관리소,용봉산,홍성군,홍북면,신경리,산81,45.917299999999997,산불취약지
부여국유림관리소,용봉산,홍성군,홍북면,신경리,산80-1,14.016400000000001,산불취약지
부여국유림관리소,용봉산,홍성군,홍북면,상하리,산1-1,54.932200000000002,산불취약지
부여국유림관리소,용봉산,홍성군,홍북면,상하리,산1-2,46.617199999999997,산불취약지
부여국유림관리소,용봉산,홍성군,홍북면,상하리,산1-4,21.282599999999999,산불취약지
부여국유림관리소,가야산,서산시,해미면,황락리,산29-1,100.2248,산불취약지
부여국유림관리소,가야산,서산시,해미면,산수리,산25-1,112.58750000000001,산불취약지
부여국유림관리소,가야산,서산시,해미면,산수리,산25-9,3.0941999999999998,산불취약지
부여국유림관리소,가야산,서산시,해미면,산수리,산28-1,100.8113,산불취약지
부여국유림관리소,가야산,서산시,해미면,산수리,산28-3,0.53549999999999998,산불취약지
부여국유림관리소,가야산,서산시,해미면,산수리,산28-5,8.6190999999999995,산불취약지
부여국유림관리소,가야산,서산시,해미면,산수리,산29-1,2.1520999999999999,산불취약지
